Title,URL,Assignees,Status,Linked pull requests,Sub-issues progress,Priority,Estimate,Size,Start date,End date
"Implement Authentication,https://github.com/XerAlix04/FSA-Cinema_Booking/issues/1,""kyo708, XerAlix04"",Done,https://github.com/XerAlix04/FSA-Cinema_Booking/pull/47,3 / 3 (100%),,,,""Mar 2, 2026"",""Mar 10, 2026"""
"Manage Movie Catalog,https://github.com/XerAlix04/FSA-Cinema_Booking/issues/3,,Done,,4 / 4 (100%),,,,""Mar 2, 2026"",""Mar 10, 2026"""
"Passwords must be securely hashed in the database.,https://github.com/XerAlix04/FSA-Cinema_Booking/issues/11,,Done,https://github.com/XerAlix04/FSA-Cinema_Booking/pull/47,,,,,""Mar 2, 2026"",""Mar 10, 2026"""
"Login endpoint successfully validates credentials and returns a valid Bearer JWT.,https://github.com/XerAlix04/FSA-Cinema_Booking/issues/12,,Done,https://github.com/XerAlix04/FSA-Cinema_Booking/pull/47,,,,,""Mar 2, 2026"",""Mar 10, 2026"""
"Form submission successfully persists the new or edited data to the `PHIM` table.,https://github.com/XerAlix04/FSA-Cinema_Booking/issues/19,""kyo708, quanghung291004"",Done,https://github.com/XerAlix04/FSA-Cinema_Booking/pull/43,,,,,""Mar 2, 2026"",""Mar 6, 2026"""
"Deleting or disabling a movie ensures it no longer appears in the customer catalog.,https://github.com/XerAlix04/FSA-Cinema_Booking/issues/20,""kyo708, quanghung291004"",Done,https://github.com/XerAlix04/FSA-Cinema_Booking/pull/43,,,,,""Mar 2, 2026"",""Mar 6, 2026"""
"Upon successful payment, the `TicketService.taoVaGuiVeQR()` triggers.,https://github.com/XerAlix04/FSA-Cinema_Booking/issues/40,,Done,,,,,,""Mar 2, 2026"",""Mar 17, 2026"""
"A unique QR code is generated containing the `don_hang_id` and the associated `SuatChieu` details.,https://github.com/XerAlix04/FSA-Cinema_Booking/issues/41,,Done,,,,,,""Mar 2, 2026"",""Mar 17, 2026"""
"The generated QR code is successfully rendered on the user's order confirmation screen.,https://github.com/XerAlix04/FSA-Cinema_Booking/issues/42,,Done,,,,,,""Mar 2, 2026"",""Mar 17, 2026"""
"Generate QR Code Tickets,https://github.com/XerAlix04/FSA-Cinema_Booking/issues/10,kyo708,Done,,3 / 3 (100%),,,,""Mar 2, 2026"",""Mar 17, 2026"""
"Movie Catalog and Trailer Viewing,https://github.com/XerAlix04/FSA-Cinema_Booking/issues/2,,Done,,3 / 3 (100%),,,,""Mar 3, 2026"",""Mar 6, 2026"""
"The frontend successfully fetches and displays the active movie list.,https://github.com/XerAlix04/FSA-Cinema_Booking/issues/14,kyo708,Done,https://github.com/XerAlix04/FSA-Cinema_Booking/pull/44,,,,,""Mar 4, 2026"",""Mar 6, 2026"""
"UI displays the `ten_phim` (title), `gia_goc` (base price), and `thoi_luong_phut` (duration) for each movie.,https://github.com/XerAlix04/FSA-Cinema_Booking/issues/15,kyo708,Done,https://github.com/XerAlix04/FSA-Cinema_Booking/pull/44,,,,,""Mar 4, 2026"",""Mar 6, 2026"""
"Clicking on a movie opens a modal or dedicated page with a functional embedded video player for the trailer.,https://github.com/XerAlix04/FSA-Cinema_Booking/issues/16,kyo708,Done,https://github.com/XerAlix04/FSA-Cinema_Booking/pull/44,,,,,""Mar 4, 2026"",""Mar 6, 2026"""
"UI provides a form to input `ten_phim`, `gia_goc`, and `thoi_luong_phut`.,https://github.com/XerAlix04/FSA-Cinema_Booking/issues/18,kyo708,Done,https://github.com/XerAlix04/FSA-Cinema_Booking/pull/45,,,,,""Mar 4, 2026"",""Mar 7, 2026"""
"Ensure only users with the `Staff` role can access the dashboard route and API endpoint.,https://github.com/XerAlix04/FSA-Cinema_Booking/issues/17,XerAlix04,Done,https://github.com/XerAlix04/FSA-Cinema_Booking/pull/43,,,,,""Mar 5, 2026"",""Mar 10, 2026"""
"Schedule Movie Screenings,https://github.com/XerAlix04/FSA-Cinema_Booking/issues/4,""kyo708, quanghung291004"",Done,,5 / 5 (100%),,,,""Mar 8, 2026"",""Mar 18, 2026"""
"Protected endpoints (booking, viewing history) reject requests without a valid JWT in the `Authorization` header (HTTP 401).,https://github.com/XerAlix04/FSA-Cinema_Booking/issues/13,,Done,https://github.com/XerAlix04/FSA-Cinema_Booking/pull/47,,,,,""Mar 8, 2026"",""Mar 10, 2026"""
"The backend validates the input and strictly rejects the schedule if it overlaps with an existing showtime in the exact same `PhongChieu` (calculating the block using `thoi_luong_phut`).,https://github.com/XerAlix04/FSA-Cinema_Booking/issues/22,quanghung291004,Done,,,,,,""Mar 8, 2026"",""Mar 15, 2026"""
"Upon successful validation, a new record is saved in `SUAT_CHIEU`.,https://github.com/XerAlix04/FSA-Cinema_Booking/issues/23,quanghung291004,Done,,,,,,""Mar 8, 2026"",""Mar 15, 2026"""
"System automatically generates the corresponding seat layout records in `GHE_SUAT_CHIEU` for that specific showtime.,https://github.com/XerAlix04/FSA-Cinema_Booking/issues/24,quanghung291004,Done,,,,,,""Mar 8, 2026"",""Mar 15, 2026"""
"The interface allows Staff to select a `Phim` (Movie), a `PhongChieu` (Room), and set a `thoi_gian_chieu` (Showtime datetime).,https://github.com/XerAlix04/FSA-Cinema_Booking/issues/21,""kyo708, quanghung291004"",Done,,,,,,""Mar 8, 2026"",""Mar 18, 2026"""
"Seat Hold and Concurrency Prevention,https://github.com/XerAlix04/FSA-Cinema_Booking/issues/6,""kyo708, XerAlix04"",Done,,3 / 3 (100%),,,,""Mar 9, 2026"",""Mar 16, 2026"""
"When seats are selected, the system sets `trang_thai` to ""Đang chờ"" and updates the `thoi_gian_het_han_giu_cho` to Current Time + 5 minutes.,https://github.com/XerAlix04/FSA-Cinema_Booking/issues/28,XerAlix04,Done,,,,,,""Mar 9, 2026"",""Mar 16, 2026"""
"If two users try to book the exact same `GheSuatChieu` at the same millisecond, the first succeeds and the second receives a 409 Conflict error.,https://github.com/XerAlix04/FSA-Cinema_Booking/issues/29,XerAlix04,Done,,,,,,""Mar 9, 2026"",""Mar 16, 2026"""
"A background task successfully releases seats (sets back to ""Trống"") if the 5-minute hold expires without payment.,https://github.com/XerAlix04/FSA-Cinema_Booking/issues/30,XerAlix04,Done,,,,,,""Mar 9, 2026"",""Mar 16, 2026"""
"Visual Seat Map,https://github.com/XerAlix04/FSA-Cinema_Booking/issues/5,kyo708,Done,,3 / 3 (100%),,,,""Mar 11, 2026"",""Mar 16, 2026"""
"The UI renders a grid representing the theater layout accurately.,https://github.com/XerAlix04/FSA-Cinema_Booking/issues/26,,Done,,,,,,""Mar 12, 2026"",""Mar 16, 2026"""
"Frontend successfully fetches the seat layout for a specific `SuatChieu`.,https://github.com/XerAlix04/FSA-Cinema_Booking/issues/25,,Done,,,,,,""Mar 12, 2026"",""Mar 16, 2026"""
"The UI visually differentiates between ""Available"" (Empty/Clickable), ""Selected"" (Highlighted), and ""Booked"" or ""On Hold"" (Grayed out/Disabled) states.,https://github.com/XerAlix04/FSA-Cinema_Booking/issues/27,,Done,,,,,,""Mar 12, 2026"",""Mar 16, 2026"""
"User interface displays all showtimes for a movie by date, timeslot and room, color-coded availability status and movie description,https://github.com/XerAlix04/FSA-Cinema_Booking/issues/50,""kyo708, quanghung291004"",Done,,,,,,""Mar 12, 2026"",""Mar 15, 2026"""
"Calculate Dynamic Pricing,https://github.com/XerAlix04/FSA-Cinema_Booking/issues/8,""kyo708, XerAlix04"",Done,https://github.com/XerAlix04/FSA-Cinema_Booking/pull/56,2 / 2 (100%),,,,""Mar 16, 2026"",""Mar 16, 2026"""
"Mock Payment Processing,https://github.com/XerAlix04/FSA-Cinema_Booking/issues/9,""kyo708, XerAlix04"",Done,https://github.com/XerAlix04/FSA-Cinema_Booking/pull/56,4 / 4 (100%),,,,""Mar 16, 2026"",""Mar 16, 2026"""
"The React checkout page polls or receives this calculated total and displays it to the user in real-time.,https://github.com/XerAlix04/FSA-Cinema_Booking/issues/35,,Done,,,,,,""Mar 16, 2026"",""Mar 16, 2026"""
"The frontend provides a mock payment form that validates standard credit card formats (16 digits, MM/YY format, 3-digit CVV).,https://github.com/XerAlix04/FSA-Cinema_Booking/issues/36,,Done,,,,,,""Mar 16, 2026"",""Mar 16, 2026"""
"Invalid formats show a UI error and prevent submission.,https://github.com/XerAlix04/FSA-Cinema_Booking/issues/37,,Done,,,,,,""Mar 16, 2026"",""Mar 16, 2026"""
"The backend accurately calculates the final checkout total by multiplying the movie's `gia_goc` by the showtime's `he_so_gia`.,https://github.com/XerAlix04/FSA-Cinema_Booking/issues/34,,Done,https://github.com/XerAlix04/FSA-Cinema_Booking/pull/56,,,,,""Mar 16, 2026"",""Mar 16, 2026"""
"Successful submission creates a new `DON_HANG` record.,https://github.com/XerAlix04/FSA-Cinema_Booking/issues/38,,Done,https://github.com/XerAlix04/FSA-Cinema_Booking/pull/56,,,,,""Mar 16, 2026"",""Mar 16, 2026"""
"System updates the reserved `GHE_SUAT_CHIEU` records linking them to the `don_hang_id`, sets `trang_thai` to ""Đã bán"", and clears the hold timer.,https://github.com/XerAlix04/FSA-Cinema_Booking/issues/39,,Done,https://github.com/XerAlix04/FSA-Cinema_Booking/pull/56,,,,,""Mar 16, 2026"",""Mar 16, 2026"""
"Configure Dynamic Pricing Rules,https://github.com/XerAlix04/FSA-Cinema_Booking/issues/7,""kyo708, XerAlix04"",Done,,3 / 3 (100%),,,,""Mar 17, 2026"",""Mar 18, 2026"""
"The system correctly updates the `he_so_gia` multiplier for the affected records in the `SUAT_CHIEU` table.,https://github.com/XerAlix04/FSA-Cinema_Booking/issues/33,XerAlix04,Done,https://github.com/XerAlix04/FSA-Cinema_Booking/pull/57,,,,,""Mar 17, 2026"",""Mar 17, 2026"""
"Only users with the `Admin` role can access the pricing configuration view.,https://github.com/XerAlix04/FSA-Cinema_Booking/issues/31,""kyo708, XerAlix04"",Done,,,,,,""Mar 17, 2026"",""Mar 18, 2026"""
"Admin can input rules (e.g., -20% for Tuesdays AM, +15% for Fri/Sat PM).,https://github.com/XerAlix04/FSA-Cinema_Booking/issues/32,kyo708,Done,,,,,,""Mar 17, 2026"",""Mar 18, 2026"""
"Seat Selection Alterations,https://github.com/XerAlix04/FSA-Cinema_Booking/issues/59,""kyo708, XerAlix04"",Done,,3 / 3 (100%),,,,""Mar 19, 2026"",""Mar 26, 2026"""
"In the Seat Selection view, selecting a seat sets that seat to ""DANG_CHO"" (hold) status and displays the 5-minute holding timer for payment convenience,https://github.com/XerAlix04/FSA-Cinema_Booking/issues/62,,Done,,,,,,""Mar 19, 2026"",""Mar 26, 2026"""
"Users are able to hold seats within the Seat Selection view and release them (currently seats are only held once users proceed to the payment screen),https://github.com/XerAlix04/FSA-Cinema_Booking/issues/63,,Done,,,,,,""Mar 19, 2026"",""Mar 26, 2026"""
"The backend is able to identify the browser session and which seats are being temporarily held by that session,https://github.com/XerAlix04/FSA-Cinema_Booking/issues/64,,Done,,,,,,""Mar 19, 2026"",""Mar 26, 2026"""
"Email Ticketing,https://github.com/XerAlix04/FSA-Cinema_Booking/issues/61,""quanghung291004, XerAlix04"",Done,,3 / 3 (100%),,,,""Mar 19, 2026"",""Mar 26, 2026"""
"Integrate spring-boot-starter-mail and configure SMTP settings (you can use a free Mailtrap or Gmail App Password account for testing).,https://github.com/XerAlix04/FSA-Cinema_Booking/issues/69,,Done,,,,,,""Mar 19, 2026"",""Mar 26, 2026"""
"Create an async EmailService.sendTicketEmail() method that builds an HTML email template including the generated api.qrserver.com image link.,https://github.com/XerAlix04/FSA-Cinema_Booking/issues/70,,Done,,,,,,""Mar 19, 2026"",""Mar 26, 2026"""
"Trigger the email service at the very end of the @/Transactional block in TicketService.processPaymentAndSaveOrder.,https://github.com/XerAlix04/FSA-Cinema_Booking/issues/71,,Done,,,,,,""Mar 19, 2026"",""Mar 26, 2026"""
"Search & Filter Catalog,https://github.com/XerAlix04/FSA-Cinema_Booking/issues/60,""kyo708, quanghung291004"",Done,,3 / 3 (100%),,,,""Mar 23, 2026"",""Mar 31, 2026"""
"Create a GET /api/v1/phim/search endpoint that accepts optional query parameters (e.g., ?keyword=dune&theLoai=Hành động). Use JPA @/Query or Specification to filter results.,https://github.com/XerAlix04/FSA-Cinema_Booking/issues/66,,Done,,,,,,""Mar 23, 2026"",""Mar 31, 2026"""
"Implement functional search bar and category dropdown,https://github.com/XerAlix04/FSA-Cinema_Booking/issues/67,,Done,,,,,,""Mar 23, 2026"",""Mar 31, 2026"""
"Debounce the search input (wait 300ms after user stops typing before calling the API) to avoid overwhelming the backend,https://github.com/XerAlix04/FSA-Cinema_Booking/issues/68,,Done,,,,,,""Mar 23, 2026"",""Mar 31, 2026"""
"Voucher & Discount System,https://github.com/XerAlix04/FSA-Cinema_Booking/issues/89,""kyo708, quanghung291004"",Done,,4 / 4 (100%),,,,""Mar 27, 2026"",""Mar 31, 2026"""
"If a voucher is expired, fully used, or invalid, the frontend displays an error message.,https://github.com/XerAlix04/FSA-Cinema_Booking/issues/98,kyo708,Done,,,,,,""Mar 27, 2026"",""Mar 31, 2026"""
"The final order saves both the original price and the discounted price, and logs which voucher was used.,https://github.com/XerAlix04/FSA-Cinema_Booking/issues/99,kyo708,Done,,,,,,""Mar 27, 2026"",""Mar 31, 2026"""
"Dynamic Seat Layouts & Types,https://github.com/XerAlix04/FSA-Cinema_Booking/issues/91,""kyo708, XerAlix04"",Done,,3 / 3 (100%),,,,""Mar 27, 2026"",""Apr 1, 2026"""
"Real-Time VNPay Checkout,https://github.com/XerAlix04/FSA-Cinema_Booking/issues/88,""kyo708, XerAlix04"",Done,,4 / 4 (100%),,,,""Mar 27, 2026"",""Mar 31, 2026"""
"When the user clicks ""Pay"", the backend generates a secure VNPay URL and the frontend redirects the user to the VNPay portal.,https://github.com/XerAlix04/FSA-Cinema_Booking/issues/92,,Done,,,,,,""Mar 27, 2026"",""Mar 31, 2026"""
"The system must handle the VNPay IPN (Instant Payment Notification) callback to verify the payment hash.,https://github.com/XerAlix04/FSA-Cinema_Booking/issues/93,,Done,,,,,,""Mar 27, 2026"",""Mar 31, 2026"""
"Only after VNPay confirms the payment should the seats be changed to DA_BAN (Sold) and the email ticket sent.,https://github.com/XerAlix04/FSA-Cinema_Booking/issues/94,,Done,,,,,,""Mar 27, 2026"",""Mar 31, 2026"""
"If the user cancels the payment or it fails, the user is redirected to a failure page and the seats remain in DANG_CHO (Holding) until the cron job clears them.,https://github.com/XerAlix04/FSA-Cinema_Booking/issues/95,,Done,,,,,,""Mar 27, 2026"",""Mar 31, 2026"""
"The system supports flat-rate vouchers (e.g., -20,000 VND) and percentage vouchers (e.g., -10%).,https://github.com/XerAlix04/FSA-Cinema_Booking/issues/96,,Done,,,,,,""Mar 27, 2026"",""Mar 31, 2026"""
"Vouchers must have an expiration date and a usage limit (e.g., only 100 people can use it).,https://github.com/XerAlix04/FSA-Cinema_Booking/issues/97,,Done,,,,,,""Mar 27, 2026"",""Mar 31, 2026"""
"Sweetbox/Double Seat Implementation,https://github.com/XerAlix04/FSA-Cinema_Booking/issues/106,""kyo708, XerAlix04"",Done,,,,,,""Mar 31, 2026"",""Apr 1, 2026"""
"Refactor PhongChieu & GheSuatChieu.calculatePrice(),https://github.com/XerAlix04/FSA-Cinema_Booking/issues/104,XerAlix04,Done,,,,,,""Mar 31, 2026"",""Apr 1, 2026"""
"Coordinate-Based CSS Grid Rendering,https://github.com/XerAlix04/FSA-Cinema_Booking/issues/105,kyo708,Done,,,,,,""Mar 31, 2026"",""Apr 1, 2026"""
"Admin Management,https://github.com/XerAlix04/FSA-Cinema_Booking/issues/119,""kyo708, quanghung291004, XerAlix04"",Done,,4 / 4 (100%),,,,""Apr 2, 2026"",""Apr 9, 2026"""
"Perks Checkout UI,https://github.com/XerAlix04/FSA-Cinema_Booking/issues/101,kyo708,Done,,,,,,""Apr 3, 2026"",""Apr 9, 2026"""
"Voucher Flagging,https://github.com/XerAlix04/FSA-Cinema_Booking/issues/120,quanghung291004,Done,,,,,,""Apr 3, 2026"",""Apr 9, 2026"""
"First Purchase Verification,https://github.com/XerAlix04/FSA-Cinema_Booking/issues/121,quanghung291004,Done,,,,,,""Apr 3, 2026"",""Apr 9, 2026"""
"Frontend Exception Handling,https://github.com/XerAlix04/FSA-Cinema_Booking/issues/122,kyo708,Done,,,,,,""Apr 3, 2026"",""Apr 9, 2026"""
"Voucher Alterations,https://github.com/XerAlix04/FSA-Cinema_Booking/issues/118,""kyo708, quanghung291004"",Done,,3 / 3 (100%),,,,""Apr 3, 2026"",""Apr 9, 2026"""
"Membership Loyalty & Perks,https://github.com/XerAlix04/FSA-Cinema_Booking/issues/90,""kyo708, XerAlix04"",Done,,4 / 4 (100%),,,,""Apr 3, 2026"",""Apr 9, 2026"""
"Loyalty Points Database,https://github.com/XerAlix04/FSA-Cinema_Booking/issues/100,XerAlix04,Done,,,,,,""Apr 3, 2026"",""Apr 7, 2026"""
"Point Accumulation and Spending,https://github.com/XerAlix04/FSA-Cinema_Booking/issues/102,XerAlix04,Done,,,,,,""Apr 3, 2026"",""Apr 7, 2026"""
"Public Registration Shift,https://github.com/XerAlix04/FSA-Cinema_Booking/issues/103,""kyo708, XerAlix04"",Done,,,,,,""Apr 3, 2026"",""Apr 7, 2026"""
"Staff Profile Data,https://github.com/XerAlix04/FSA-Cinema_Booking/issues/123,XerAlix04,Done,,,,,,""Apr 3, 2026"",""Apr 7, 2026"""
"Admin Account Creation API,https://github.com/XerAlix04/FSA-Cinema_Booking/issues/124,XerAlix04,Done,,,,,,""Apr 3, 2026"",""Apr 7, 2026"""
"Staff Management,https://github.com/XerAlix04/FSA-Cinema_Booking/issues/125,""kyo708, XerAlix04"",Done,,,,,,""Apr 3, 2026"",""Apr 9, 2026"""
"Voucher Management,https://github.com/XerAlix04/FSA-Cinema_Booking/issues/126,""kyo708, quanghung291004"",Done,,,,,,""Apr 3, 2026"",""Apr 9, 2026"""
