"id","loai_ghe","phien_ban","phien_giao_dich","thoi_gian_het_han_giu_cho","trang_thai","don_hang_id","suat_chieu_id"
"201","THUONG","1",NULL,"2026-04-14 11:30:00.000000","TRONG",NULL,"4"
"202","THUONG","1",NULL,"2026-04-14 11:30:00.000000","TRONG",NULL,"4"
"203","THUONG","1",NULL,"2026-04-14 11:30:00.000000","TRONG",NULL,"4"
"204","THUONG","1",NULL,"2026-04-14 11:30:00.000000","TRONG",NULL,"4"
"205","THUONG","1",NULL,"2026-04-14 11:30:00.000000","TRONG",NULL,"4"
"206","THUONG","1",NULL,"2026-04-14 11:30:00.000000","TRONG",NULL,"4"
"207","THUONG","1",NULL,"2026-04-14 11:30:00.000000","TRONG",NULL,"4"
"208","THUONG","1",NULL,"2026-04-14 11:30:00.000000","TRONG",NULL,"4"
"209","THUONG","1",NULL,"2026-04-14 11:30:00.000000","TRONG",NULL,"4"
"210","THUONG","1",NULL,"2026-04-14 11:30:00.000000","TRONG",NULL,"4"
"211","THUONG","1",NULL,"2026-04-14 11:30:00.000000","TRONG",NULL,"4"
"212","THUONG","1",NULL,"2026-04-14 11:30:00.000000","TRONG",NULL,"4"
"213","THUONG","1",NULL,"2026-04-14 11:30:00.000000","TRONG",NULL,"4"
"214","THUONG","1",NULL,"2026-04-14 11:30:00.000000","TRONG",NULL,"4"
"215","THUONG","1",NULL,"2026-04-14 11:30:00.000000","TRONG",NULL,"4"
"216","THUONG","1",NULL,"2026-04-14 11:30:00.000000","TRONG",NULL,"4"
"217","THUONG","1",NULL,"2026-04-14 11:30:00.000000","TRONG",NULL,"4"
"218","THUONG","1",NULL,"2026-04-14 11:30:00.000000","TRONG",NULL,"4"
"219","THUONG","1",NULL,"2026-04-14 11:30:00.000000","TRONG",NULL,"4"
"220","THUONG","1",NULL,"2026-04-14 11:30:00.000000","TRONG",NULL,"4"
"221","THUONG","1",NULL,"2026-04-14 11:30:00.000000","TRONG",NULL,"4"
"222","THUONG","1",NULL,"2026-04-14 11:30:00.000000","TRONG",NULL,"4"
"223","THUONG","1",NULL,"2026-04-14 11:30:00.000000","TRONG",NULL,"4"
"224","THUONG","1",NULL,"2026-04-14 11:30:00.000000","TRONG",NULL,"4"
"225","THUONG","1",NULL,"2026-04-14 11:30:00.000000","TRONG",NULL,"4"
"226","THUONG","1",NULL,"2026-04-14 11:30:00.000000","TRONG",NULL,"4"
"227","THUONG","1",NULL,"2026-04-14 11:30:00.000000","TRONG",NULL,"4"
"228","THUONG","1",NULL,"2026-04-14 11:30:00.000000","TRONG",NULL,"4"
"229","THUONG","1",NULL,"2026-04-14 11:30:00.000000","TRONG",NULL,"4"
"230","THUONG","1",NULL,"2026-04-14 11:30:00.000000","TRONG",NULL,"4"
"231","VIP","1",NULL,"2026-04-14 11:30:00.000000","TRONG",NULL,"4"
"232","VIP","1",NULL,"2026-04-14 11:30:00.000000","TRONG",NULL,"4"
"233","VIP","1",NULL,"2026-04-14 11:30:00.000000","TRONG",NULL,"4"
"234","VIP","1",NULL,"2026-04-14 11:30:00.000000","TRONG",NULL,"4"
"235","VIP","1",NULL,"2026-04-14 11:30:00.000000","TRONG",NULL,"4"
"236","VIP","1",NULL,"2026-04-14 11:30:00.000000","TRONG",NULL,"4"
"237","VIP","1",NULL,"2026-04-14 11:30:00.000000","TRONG",NULL,"4"
"238","VIP","1",NULL,"2026-04-14 11:30:00.000000","TRONG",NULL,"4"
"239","VIP","1",NULL,"2026-04-14 11:30:00.000000","TRONG",NULL,"4"
"240","VIP","1",NULL,"2026-04-14 11:30:00.000000","TRONG",NULL,"4"
"241","VIP","1",NULL,"2026-04-14 11:30:00.000000","TRONG",NULL,"4"
"242","VIP","1",NULL,"2026-04-14 11:30:00.000000","TRONG",NULL,"4"
"243","VIP","1",NULL,"2026-04-14 11:30:00.000000","TRONG",NULL,"4"
"244","VIP","1",NULL,"2026-04-14 11:30:00.000000","TRONG",NULL,"4"
"245","VIP","1",NULL,"2026-04-14 11:30:00.000000","TRONG",NULL,"4"
"246","VIP","1",NULL,"2026-04-14 11:30:00.000000","TRONG",NULL,"4"
"247","VIP","1",NULL,"2026-04-14 11:30:00.000000","TRONG",NULL,"4"
"248","VIP","1",NULL,"2026-04-14 11:30:00.000000","TRONG",NULL,"4"
"249","VIP","1",NULL,"2026-04-14 11:30:00.000000","TRONG",NULL,"4"
"250","VIP","1",NULL,"2026-04-14 11:30:00.000000","TRONG",NULL,"4"
"251","VIP","1",NULL,"2026-04-14 11:30:00.000000","TRONG",NULL,"4"
"252","VIP","1",NULL,"2026-04-14 11:30:00.000000","TRONG",NULL,"4"
"253","VIP","1",NULL,"2026-04-14 11:30:00.000000","TRONG",NULL,"4"
"254","VIP","1",NULL,"2026-04-14 11:30:00.000000","TRONG",NULL,"4"
"255","VIP","1",NULL,"2026-04-14 11:30:00.000000","TRONG",NULL,"4"
"256","VIP","1",NULL,"2026-04-14 11:30:00.000000","TRONG",NULL,"4"
"257","VIP","1",NULL,"2026-04-14 11:30:00.000000","TRONG",NULL,"4"
"258","VIP","1",NULL,"2026-04-14 11:30:00.000000","TRONG",NULL,"4"
"259","VIP","1",NULL,"2026-04-14 11:30:00.000000","TRONG",NULL,"4"
"260","VIP","1",NULL,"2026-04-14 11:30:00.000000","TRONG",NULL,"4"
"261","VIP","1",NULL,"2026-04-14 11:30:00.000000","TRONG",NULL,"4"
"262","VIP","1",NULL,"2026-04-14 11:30:00.000000","TRONG",NULL,"4"
"263","VIP","1",NULL,"2026-04-14 11:30:00.000000","TRONG",NULL,"4"
"264","VIP","1",NULL,"2026-04-14 11:30:00.000000","TRONG",NULL,"4"
"265","VIP","1",NULL,"2026-04-14 11:30:00.000000","TRONG",NULL,"4"
"266","VIP","1",NULL,"2026-04-14 11:30:00.000000","TRONG",NULL,"4"
"267","VIP","1",NULL,"2026-04-14 11:30:00.000000","TRONG",NULL,"4"
"268","VIP","1",NULL,"2026-04-14 11:30:00.000000","TRONG",NULL,"4"
"269","VIP","1",NULL,"2026-04-14 11:30:00.000000","TRONG",NULL,"4"
"270","VIP","1",NULL,"2026-04-14 11:30:00.000000","TRONG",NULL,"4"
"271","VIP","1",NULL,"2026-04-14 11:30:00.000000","TRONG",NULL,"4"
"272","VIP","1",NULL,"2026-04-14 11:30:00.000000","TRONG",NULL,"4"
"273","VIP","1",NULL,"2026-04-14 11:30:00.000000","TRONG",NULL,"4"
"274","VIP","1",NULL,"2026-04-14 11:30:00.000000","TRONG",NULL,"4"
"275","VIP","1",NULL,"2026-04-14 11:30:00.000000","TRONG",NULL,"4"
"276","VIP","1",NULL,"2026-04-14 11:30:00.000000","TRONG",NULL,"4"
"277","VIP","1",NULL,"2026-04-14 11:30:00.000000","TRONG",NULL,"4"
"278","VIP","1",NULL,"2026-04-14 11:30:00.000000","TRONG",NULL,"4"
"279","VIP","1",NULL,"2026-04-14 11:30:00.000000","TRONG",NULL,"4"
"280","VIP","1",NULL,"2026-04-14 11:30:00.000000","TRONG",NULL,"4"
"281","VIP","1",NULL,"2026-04-14 11:30:00.000000","TRONG",NULL,"4"
"282","VIP","1",NULL,"2026-04-14 11:30:00.000000","TRONG",NULL,"4"
"283","VIP","1",NULL,"2026-04-14 11:30:00.000000","TRONG",NULL,"4"
"284","VIP","1",NULL,"2026-04-14 11:30:00.000000","TRONG",NULL,"4"
"285","VIP","1",NULL,"2026-04-14 11:30:00.000000","TRONG",NULL,"4"
"286","VIP","1",NULL,"2026-04-14 11:30:00.000000","TRONG",NULL,"4"
"287","VIP","1",NULL,"2026-04-14 11:30:00.000000","TRONG",NULL,"4"
"288","VIP","1",NULL,"2026-04-14 11:30:00.000000","TRONG",NULL,"4"
"289","VIP","1",NULL,"2026-04-14 11:30:00.000000","TRONG",NULL,"4"
"290","VIP","1",NULL,"2026-04-14 11:30:00.000000","TRONG",NULL,"4"
"291","SWEETBOX","1",NULL,"2026-04-14 11:30:00.000000","TRONG",NULL,"4"
"292","SWEETBOX","1",NULL,"2026-04-14 11:30:00.000000","TRONG",NULL,"4"
"293","SWEETBOX","1",NULL,"2026-04-14 11:30:00.000000","TRONG",NULL,"4"
"294","SWEETBOX","1",NULL,"2026-04-14 11:30:00.000000","TRONG",NULL,"4"
"295","SWEETBOX","1",NULL,"2026-04-14 11:30:00.000000","TRONG",NULL,"4"
"296","THUONG","1",NULL,"2026-04-15 13:00:00.000000","TRONG",NULL,"5"
"297","THUONG","1",NULL,"2026-04-15 13:00:00.000000","TRONG",NULL,"5"
"298","THUONG","1",NULL,"2026-04-15 13:00:00.000000","TRONG",NULL,"5"
"299","THUONG","1",NULL,"2026-04-15 13:00:00.000000","TRONG",NULL,"5"
"300","THUONG","1",NULL,"2026-04-15 13:00:00.000000","TRONG",NULL,"5"
"301","THUONG","1",NULL,"2026-04-15 13:00:00.000000","TRONG",NULL,"5"
"302","THUONG","1",NULL,"2026-04-15 13:00:00.000000","TRONG",NULL,"5"
"303","THUONG","1",NULL,"2026-04-15 13:00:00.000000","TRONG",NULL,"5"
"304","THUONG","1",NULL,"2026-04-15 13:00:00.000000","TRONG",NULL,"5"
"305","THUONG","1",NULL,"2026-04-15 13:00:00.000000","TRONG",NULL,"5"
"306","THUONG","1",NULL,"2026-04-15 13:00:00.000000","TRONG",NULL,"5"
"307","THUONG","1",NULL,"2026-04-15 13:00:00.000000","TRONG",NULL,"5"
"308","THUONG","1",NULL,"2026-04-15 13:00:00.000000","TRONG",NULL,"5"
"309","THUONG","1",NULL,"2026-04-15 13:00:00.000000","TRONG",NULL,"5"
"310","THUONG","1",NULL,"2026-04-15 13:00:00.000000","TRONG",NULL,"5"
"311","THUONG","1",NULL,"2026-04-15 13:00:00.000000","TRONG",NULL,"5"
"312","VIP","1",NULL,"2026-04-15 13:00:00.000000","TRONG",NULL,"5"
"313","VIP","1",NULL,"2026-04-15 13:00:00.000000","TRONG",NULL,"5"
"314","VIP","1",NULL,"2026-04-15 13:00:00.000000","TRONG",NULL,"5"
"315","VIP","1",NULL,"2026-04-15 13:00:00.000000","TRONG",NULL,"5"
"316","VIP","1",NULL,"2026-04-15 13:00:00.000000","TRONG",NULL,"5"
"317","VIP","1",NULL,"2026-04-15 13:00:00.000000","TRONG",NULL,"5"
"318","VIP","1",NULL,"2026-04-15 13:00:00.000000","TRONG",NULL,"5"
"319","VIP","1",NULL,"2026-04-15 13:00:00.000000","TRONG",NULL,"5"
"320","VIP","1",NULL,"2026-04-15 13:00:00.000000","TRONG",NULL,"5"
"321","VIP","1",NULL,"2026-04-15 13:00:00.000000","TRONG",NULL,"5"
"322","VIP","1",NULL,"2026-04-15 13:00:00.000000","TRONG",NULL,"5"
"323","VIP","1",NULL,"2026-04-15 13:00:00.000000","TRONG",NULL,"5"
"324","VIP","1",NULL,"2026-04-15 13:00:00.000000","TRONG",NULL,"5"
"325","VIP","1",NULL,"2026-04-15 13:00:00.000000","TRONG",NULL,"5"
"326","VIP","1",NULL,"2026-04-15 13:00:00.000000","TRONG",NULL,"5"
"327","VIP","1",NULL,"2026-04-15 13:00:00.000000","TRONG",NULL,"5"
"328","VIP","1",NULL,"2026-04-15 13:00:00.000000","TRONG",NULL,"5"
"329","VIP","1",NULL,"2026-04-15 13:00:00.000000","TRONG",NULL,"5"
"330","VIP","1",NULL,"2026-04-15 13:00:00.000000","TRONG",NULL,"5"
"331","VIP","1",NULL,"2026-04-15 13:00:00.000000","TRONG",NULL,"5"
"332","VIP","1",NULL,"2026-04-15 13:00:00.000000","TRONG",NULL,"5"
"333","VIP","1",NULL,"2026-04-15 13:00:00.000000","TRONG",NULL,"5"
"334","VIP","1",NULL,"2026-04-15 13:00:00.000000","TRONG",NULL,"5"
"335","VIP","1",NULL,"2026-04-15 13:00:00.000000","TRONG",NULL,"5"
"336","VIP","1",NULL,"2026-04-15 13:00:00.000000","TRONG",NULL,"5"
"337","VIP","1",NULL,"2026-04-15 13:00:00.000000","TRONG",NULL,"5"
"338","VIP","1",NULL,"2026-04-15 13:00:00.000000","TRONG",NULL,"5"
"339","VIP","1",NULL,"2026-04-15 13:00:00.000000","TRONG",NULL,"5"
"340","VIP","1",NULL,"2026-04-15 13:00:00.000000","TRONG",NULL,"5"
"341","VIP","1",NULL,"2026-04-15 13:00:00.000000","TRONG",NULL,"5"
"342","VIP","1",NULL,"2026-04-15 13:00:00.000000","TRONG",NULL,"5"
"343","VIP","1",NULL,"2026-04-15 13:00:00.000000","TRONG",NULL,"5"
"344","VIP","1",NULL,"2026-04-15 13:00:00.000000","TRONG",NULL,"5"
"345","VIP","1",NULL,"2026-04-15 13:00:00.000000","TRONG",NULL,"5"
"346","VIP","1",NULL,"2026-04-15 13:00:00.000000","TRONG",NULL,"5"
"347","VIP","1",NULL,"2026-04-15 13:00:00.000000","TRONG",NULL,"5"
"348","VIP","1",NULL,"2026-04-15 13:00:00.000000","TRONG",NULL,"5"
"349","VIP","1",NULL,"2026-04-15 13:00:00.000000","TRONG",NULL,"5"
"350","VIP","1",NULL,"2026-04-15 13:00:00.000000","TRONG",NULL,"5"
"351","VIP","1",NULL,"2026-04-15 13:00:00.000000","TRONG",NULL,"5"
"352","SWEETBOX","1",NULL,"2026-04-15 13:00:00.000000","TRONG",NULL,"5"
"353","SWEETBOX","1",NULL,"2026-04-15 13:00:00.000000","TRONG",NULL,"5"
"354","SWEETBOX","1",NULL,"2026-04-15 13:00:00.000000","TRONG",NULL,"5"
"355","SWEETBOX","1",NULL,"2026-04-15 13:00:00.000000","TRONG",NULL,"5"
"356","THUONG","1",NULL,"2026-04-14 12:15:00.000000","TRONG",NULL,"6"
"357","THUONG","1",NULL,"2026-04-14 12:15:00.000000","TRONG",NULL,"6"
"358","THUONG","1",NULL,"2026-04-14 12:15:00.000000","TRONG",NULL,"6"
"359","THUONG","1",NULL,"2026-04-14 12:15:00.000000","TRONG",NULL,"6"
"360","THUONG","1",NULL,"2026-04-14 12:15:00.000000","TRONG",NULL,"6"
"361","THUONG","1",NULL,"2026-04-14 12:15:00.000000","TRONG",NULL,"6"
"362","THUONG","1",NULL,"2026-04-14 12:15:00.000000","TRONG",NULL,"6"
"363","THUONG","1",NULL,"2026-04-14 12:15:00.000000","TRONG",NULL,"6"
"364","THUONG","1",NULL,"2026-04-14 12:15:00.000000","TRONG",NULL,"6"
"365","THUONG","1",NULL,"2026-04-14 12:15:00.000000","TRONG",NULL,"6"
"366","THUONG","1",NULL,"2026-04-14 12:15:00.000000","TRONG",NULL,"6"
"367","THUONG","1",NULL,"2026-04-14 12:15:00.000000","TRONG",NULL,"6"
"368","VIP","1",NULL,"2026-04-14 12:15:00.000000","TRONG",NULL,"6"
"369","VIP","1",NULL,"2026-04-14 12:15:00.000000","TRONG",NULL,"6"
"370","VIP","1",NULL,"2026-04-14 12:15:00.000000","TRONG",NULL,"6"
"371","VIP","1",NULL,"2026-04-14 12:15:00.000000","TRONG",NULL,"6"
"372","VIP","1",NULL,"2026-04-14 12:15:00.000000","TRONG",NULL,"6"
"373","VIP","1",NULL,"2026-04-14 12:15:00.000000","TRONG",NULL,"6"
"374","VIP","1",NULL,"2026-04-14 12:15:00.000000","TRONG",NULL,"6"
"375","VIP","1",NULL,"2026-04-14 12:15:00.000000","TRONG",NULL,"6"
"376","VIP","1",NULL,"2026-04-14 12:15:00.000000","TRONG",NULL,"6"
"377","VIP","1",NULL,"2026-04-14 12:15:00.000000","TRONG",NULL,"6"
"378","VIP","1",NULL,"2026-04-14 12:15:00.000000","TRONG",NULL,"6"
"379","VIP","1",NULL,"2026-04-14 12:15:00.000000","TRONG",NULL,"6"
"380","VIP","1",NULL,"2026-04-14 12:15:00.000000","TRONG",NULL,"6"
"381","VIP","1",NULL,"2026-04-14 12:15:00.000000","TRONG",NULL,"6"
"382","VIP","1",NULL,"2026-04-14 12:15:00.000000","TRONG",NULL,"6"
"383","VIP","1",NULL,"2026-04-14 12:15:00.000000","TRONG",NULL,"6"
"384","VIP","1",NULL,"2026-04-14 12:15:00.000000","TRONG",NULL,"6"
"385","VIP","1",NULL,"2026-04-14 12:15:00.000000","TRONG",NULL,"6"
"386","VIP","1",NULL,"2026-04-14 12:15:00.000000","TRONG",NULL,"6"
"387","VIP","1",NULL,"2026-04-14 12:15:00.000000","TRONG",NULL,"6"
"388","VIP","1",NULL,"2026-04-14 12:15:00.000000","TRONG",NULL,"6"
"389","VIP","1",NULL,"2026-04-14 12:15:00.000000","TRONG",NULL,"6"
"390","VIP","1",NULL,"2026-04-14 12:15:00.000000","TRONG",NULL,"6"
"391","VIP","1",NULL,"2026-04-14 12:15:00.000000","TRONG",NULL,"6"
"392","VIP","1",NULL,"2026-04-14 12:15:00.000000","TRONG",NULL,"6"
"393","VIP","1",NULL,"2026-04-14 12:15:00.000000","TRONG",NULL,"6"
"394","VIP","1",NULL,"2026-04-14 12:15:00.000000","TRONG",NULL,"6"
"395","VIP","1",NULL,"2026-04-14 12:15:00.000000","TRONG",NULL,"6"
"396","VIP","1",NULL,"2026-04-14 12:15:00.000000","TRONG",NULL,"6"
"397","VIP","1",NULL,"2026-04-14 12:15:00.000000","TRONG",NULL,"6"
"398","SWEETBOX","1",NULL,"2026-04-14 12:15:00.000000","TRONG",NULL,"6"
"399","SWEETBOX","1",NULL,"2026-04-14 12:15:00.000000","TRONG",NULL,"6"
"400","SWEETBOX","1",NULL,"2026-04-14 12:15:00.000000","TRONG",NULL,"6"
