"id","danh_gia","gia_goc","is_active","mo_ta","poster_url","ten_phim","the_loai","thoi_luong_phut","trailer_url"
"10","8.8","120000","1","Mô tả Placeholder","https://image.tmdb.org/t/p/w500/8QdnKQyZDlN6rBSrfU1V5PctfUu.jpg","Dune: Hành Tinh Cát - Phần 2","Viễn tưởng, Hành động","166","https://www.youtube.com/watch?v=Way9Dexny3w"
"11","7.5","100000","1","Mô tả Placeholder","https://image.tmdb.org/t/p/w500/kDp1vUBnMpe8ak4rjgl3cLELqjU.jpg","Kung Fu Panda 4","Hoạt hình, Hài hước","94","https://www.youtube.com/watch?v=_inKs4eeHiI"
"12","6.9","110000","1","Mô tả Placeholder","https://image.tmdb.org/t/p/w500/lTpnAtn1hWXDLxEmkD28l6UyPlF.jpg","Godzilla x Kong: Đế Chế Mới","Hành động, Phiêu lưu","115","https://www.youtube.com/watch?v=qqrpMRDuPfc"
"13","6.9","120000","1","Mô tả Placeholder","https://image.tmdb.org/t/p/w500/nMp4tu8XuVG3CSWdXTFiHLdngnc.jpg","The Batman","Hành động, Hình sự","176","https://www.youtube.com/watch?v=mqqft2x_Aa4"
"14","8.1","120000","1","Mô tả Placeholder","https://image.tmdb.org/t/p/w500/8Gxv8gSFCU0XGDykEGv7zR1n2ua.jpg","Oppenheimer","Lịch sử, Chính kịch","180","https://www.youtube.com/watch?v=uYPbbksJxIg"
"15","7.6","11000","1","Mô tả Placeholder","https://image.tmdb.org/t/p/w500/enAODUiL6eMpKaYPH2BEStVafQ2.jpg","Exhuma: Quật Mộ Trùng Ma","Hành động, Hình sự","134","https://www.youtube.com/watch?v=7LH-TIcPqks"
"16","7.4","110000","1","Mô tả Placeholder","https://image.tmdb.org/t/p/w500/sh7Rg8Er3tFcN9BpKIPOMvALgZd.jpg","Civil War: Ngày Tàn Của Đế Quốc","Hành động, Chiến tranh","109","https://www.youtube.com/watch?v=aDyQxtg0V2w"
"17","8","100000","1","Mô tả Placeholder","https://image.tmdb.org/t/p/w500/vpnVM9B6NMmQpWeZvzLvDESb2QY.jpg","Inside Out 2: Những Mảnh Ghép Cảm Xúc","Hoạt hình, Gia đình","100","https://www.youtube.com/watch?v=LEjhY15eCx0"
"18","0","50000","1","Mô tả Placeholder","https://image.tmdb.org/t/p/w500/vpnVM9B6NMmQpWeZvzLvDESb2QY.jpg","Hidden Movie","Hidden","10","https://www.youtube.com/"
